,ms_since_epoch,experiment_id,somnox_ax,somnox_ay,somnox_az,somnox_gx,somnox_gy,somnox_gz,time,label,predictions
1046,1727300000000.0,124,0.3811434255020783,-0.01489361,0.002174028,0.15655887,0.068124562,-0.071908508,283779,breath_in,breath_in
1047,1727300000000.0,124,0.4625160061301739,-0.015737422,0.002009491,0.109832434,0.088740729,-0.067145627,283980,breath_in,breath_out
1048,1727300000000.0,124,0.3060979475093333,-0.015761232,0.001918337,0.06247861,0.103196953,-0.05747435,284180,breath_in,breath_in
1049,1727300000000.0,124,0.010128523878158232,-0.015125226,0.001935807,0.017902843,0.109280641,-0.045652434,284380,breath_in,breath_in
1050,1727300000000.0,124,-0.2639941594724209,-0.014175657,0.002048183,-0.026850746,0.107608923,-0.03344266,284580,breath_in,breath_in
1051,1727300000000.0,124,-0.3995937566523559,-0.013161505,0.002215205,-0.075975316,0.100692369,-0.021374446,284779,breath_in,breath_out
1052,1727300000000.0,124,-0.3458205077630609,-0.012159062,0.002387069,-0.128256047,0.091731504,-0.009913192,284981,breath_in,breath_in
1053,1727300000000.0,124,-0.1067259097915385,-0.011152112,0.002506989,-0.17578793,0.083995757,-0.000434315,285180,breath_in,breath_in
1054,1727300000000.0,124,0.25521470710817357,-0.010127139,0.002514195,-0.210928014,0.080831298,0.005170585,285380,breath_in,breath_in
1055,1727300000000.0,124,0.6096172244709254,-0.009099557,0.002346873,-0.232842065,0.084744859,0.005638611,285580,breath_in,breath_out
1056,1727300000000.0,124,0.7904710635128915,-0.008084666,0.001947955,-0.245371618,0.094808645,0.001355366,285780,breath_in,breath_out
1057,1727300000000.0,124,0.7094101364991806,-0.007081271,0.001276367,-0.251509139,0.106413133,-0.005568252,285980,breath_in,breath_out
1058,1727300000000.0,124,0.4310924174112021,-0.006078255,0.000319341,-0.252686173,0.114919903,-0.012312389,286181,breath_in,breath_in
1059,1727300000000.0,124,0.09717248793693894,-0.005070957,-0.00088079,-0.251972875,0.118751394,-0.016524826,286380,breath_in,breath_in
1060,1727300000000.0,124,-0.18631226998976008,-0.004083162,-0.002171705,-0.25416027,0.11888524,-0.017137158,286580,breath_in,breath_in
1061,1727300000000.0,124,-0.3780440667882136,-0.003158248,-0.003247203,-0.260739727,0.116446939,-0.014584651,286780,breath_in,breath_in
1062,1727300000000.0,124,-0.4730250470103672,-0.002316021,-0.003736374,-0.26764902,0.111485957,-0.009955734,286980,breath_in,breath_in
1063,1727300000000.0,124,-0.47303217052155316,-0.001536888,-0.003476569,-0.270096426,0.103477179,-0.003849118,287179,breath_in,breath_in
1064,1727300000000.0,124,-0.38485806141312323,-0.000786466,-0.002667322,-0.267249077,0.092131517,0.003470247,287379,breath_in,breath_in
1065,1727300000000.0,124,-0.23079574794147248,-3.22e-05,-0.001666256,-0.261230632,0.077743393,0.011008036,287580,breath_in,breath_in
1066,1727300000000.0,124,-0.04428726572010844,0.000760637,-0.000734881,-0.254204332,0.061076919,0.016955759,287780,breath_in,breath_in
1067,1727300000000.0,124,0.143300072270366,0.001613293,4.76e-06,-0.247906159,0.043745705,0.019798294,287980,breath_in,breath_in
1068,1727300000000.0,124,0.30954287751885323,0.002495836,0.000521519,-0.244848476,0.029324287,0.019214023,288180,breath_in,breath_in
1069,1727300000000.0,124,0.44130539539848235,0.00333495,0.000839826,-0.247613706,0.022290725,0.016109771,288379,breath_in,breath_in
1070,1727300000000.0,124,0.5363853924261204,0.004077999,0.001010441,-0.255439446,0.024405061,0.012091913,288580,breath_in,breath_out
1071,1727300000000.0,124,0.6047443866441841,0.004722734,0.001076301,-0.262323422,0.033438419,0.008590005,288780,breath_in,breath_out
1072,1727300000000.0,124,0.6615077293537769,0.005290508,0.001053148,-0.25905179,0.045536885,0.006114344,288980,breath_in,breath_out
1073,1727300000000.0,124,0.7163790674923843,0.005814744,0.000940286,-0.237127942,0.057653403,0.004083828,289180,breath_in,breath_out
1074,1727300000000.0,124,0.768690928061884,0.00635724,0.000747033,-0.193396059,0.068181387,0.001092876,289380,breath_in,breath_out
1075,1727300000000.0,124,0.8114262963685671,0.006995679,0.000510262,-0.13416453,0.076009805,-0.004047243,289579,breath_in,breath_out
1076,1727300000000.0,124,0.8427273606951409,0.007770979,0.000275719,-0.074296025,0.079213252,-0.011045112,289780,breath_in,breath_out
1077,1727300000000.0,124,0.8718094512872946,0.008639636,6.19e-05,-0.029380135,0.07485246,-0.018357881,289980,breath_in,breath_out
1078,1727300000000.0,124,0.9109673922763993,0.009471382,-0.000139133,-0.008010315,0.060522781,-0.024311776,290180,breath_in,breath_out
1079,1727300000000.0,124,0.9662807442840943,0.010116577,-0.000333948,-0.009678501,0.036594018,-0.027602343,290380,breath_in,breath_out
1080,1727300000000.0,124,1.0328966153149586,0.010499442,-0.000516909,-0.024736039,0.006489541,-0.027614893,290580,breath_in,breath_out
1081,1727300000000.0,124,1.0939386950183856,0.010641486,-0.000673108,-0.037886384,-0.025105539,-0.024766605,290779,breath_in,breath_out
1082,1727300000000.0,124,1.131217809932199,0.010616703,-0.000783028,-0.03843421,-0.053143203,-0.020513522,290979,breath_in,breath_out
1083,1727300000000.0,124,1.1363752320308185,0.010501496,-0.000832199,-0.027439787,-0.072455921,-0.016902792,291180,hold_high,breath_out
1084,1727300000000.0,124,1.1111209601744287,0.01034563,-0.000835307,-0.013561905,-0.079782122,-0.015652129,291380,hold_high,breath_out
1085,1727300000000.0,124,1.0692514546523966,0.01017571,-0.000863661,-0.004459691,-0.075356939,-0.018030627,291580,hold_high,breath_out
1086,1727300000000.0,124,1.0368027926737682,0.010015708,-0.001028595,-0.003967679,-0.061830597,-0.025353588,291780,hold_high,breath_out
1087,1727300000000.0,124,1.0429101349890326,0.009896024,-0.001409366,-0.01432977,-0.043124413,-0.038023131,291983,hold_high,breath_out
1088,1727300000000.0,124,1.1087548859340193,0.009842634,-0.001986596,-0.036545417,-0.024273772,-0.054070536,292179,hold_high,breath_out
1089,1727300000000.0,124,1.2364302892707162,0.00985526,-0.002618322,-0.068007833,-0.01090104,-0.069329079,292380,hold_high,breath_out
1090,1727300000000.0,124,1.403329882250547,0.009913012,-0.003037061,-0.101872412,-0.007178971,-0.078971553,292580,hold_high,breath_out
1091,1727300000000.0,124,1.566982935007386,0.010019489,-0.002910044,-0.130435005,-0.012790517,-0.079352044,292780,hold_high,breath_out
1092,1727300000000.0,124,1.6799044781513262,0.010211784,-0.002036254,-0.148830463,-0.022801435,-0.069345674,292980,hold_high,breath_out
1093,1727300000000.0,124,1.7140549469522752,0.010494702,-0.000583616,-0.155082848,-0.031101962,-0.050880065,293181,hold_high,breath_out
1094,1727300000000.0,124,1.675922079222827,0.01079579,0.000901009,-0.147253668,-0.033647787,-0.028763403,293380,breath_out,breath_out
1095,1727300000000.0,124,1.5920783525643292,0.011005014,0.001856632,-0.119922972,-0.030174163,-0.009487868,293580,breath_out,breath_out
1096,1727300000000.0,124,1.4808422321669823,0.011026766,0.002082075,-0.064863571,-0.024131879,0.001023761,293780,breath_out,breath_out
1097,1727300000000.0,124,1.3461284436030188,0.010794556,0.001687408,0.020816624,-0.020771554,1.68e-06,293980,breath_out,breath_out
1098,1727300000000.0,124,1.1953806998861856,0.010292574,0.000860709,0.127252824,-0.024700332,-0.010714421,294180,breath_out,breath_out
1099,1727300000000.0,124,1.0449791588129884,0.009591686,-0.000224861,0.234781289,-0.037546326,-0.02583412,294381,breath_out,breath_out
1100,1727300000000.0,124,0.9054847818921415,0.008837494,-0.001436115,0.324069459,-0.056877387,-0.039056128,294580,breath_out,breath_out
1101,1727300000000.0,124,0.77302950254968,0.008181712,-0.002684193,0.38376218,-0.077457852,-0.044304873,294780,breath_out,breath_out
1102,1727300000000.0,124,0.6361049322891603,0.007703214,-0.003861499,0.411366788,-0.093410806,-0.036108128,294980,breath_out,breath_out
1103,1727300000000.0,124,0.4883351724236085,0.007347071,-0.004741021,0.410698118,-0.100073649,-0.010490923,295180,breath_out,breath_out
1104,1727300000000.0,124,0.33314948123793525,0.006955691,-0.005001132,0.389640071,-0.095928108,0.033923458,295380,breath_out,breath_in
1105,1727300000000.0,124,0.17798302353246404,0.006404308,-0.004485414,0.356391155,-0.083621168,0.095605769,295580,breath_out,breath_in
1106,1727300000000.0,124,0.030679853649591204,0.005681749,-0.00338714,0.31475617,-0.068210454,0.169838353,295780,breath_out,breath_in
1107,1727300000000.0,124,-0.10188085365842234,0.004839633,-0.002069022,0.265147759,-0.054372162,0.246767739,295980,breath_out,breath_in
1108,1727300000000.0,124,-0.22000149144141967,0.003903429,-0.000814666,0.21035563,-0.045291733,0.307935259,296180,breath_out,breath_in
1109,1727300000000.0,124,-0.3339823006987088,0.002851993,0.000221932,0.157237432,-0.042291628,0.329353989,296380,breath_out,breath_in
1110,1727300000000.0,124,-0.45446260156204826,0.001703913,0.000994392,0.113012163,-0.044613635,0.299159002,296580,breath_out,breath_in
1111,1727300000000.0,124,-0.5817957201862608,0.000602745,0.001529851,0.082500517,-0.050267427,0.230404901,296780,breath_out,breath_in
1112,1727300000000.0,124,-0.7106361737774178,-0.000240055,0.001869843,0.068935876,-0.057278478,0.148427714,296979,breath_out,breath_in
1113,1727300000000.0,124,-0.839200947485679,-0.000671032,0.002053375,0.073793062,-0.06451982,0.072878002,297179,breath_out,breath_in
1114,1727300000000.0,124,-0.9680442504813105,-0.000665523,0.002132358,0.09382069,-0.072074024,0.014307951,297380,breath_out,breath_in
1115,1727300000000.0,124,-1.0941339602280173,-0.000375485,0.002143724,0.12125348,-0.080364213,-0.023685349,297580,breath_out,breath_in
1116,1727300000000.0,124,-1.2097353682801075,-0.000100675,0.002054,0.148655931,-0.088614188,-0.043236078,297780,breath_out,breath_in
1117,1727300000000.0,124,-1.304135782340607,-0.000131188,0.001761518,0.173319868,-0.095231025,-0.049585614,297980,breath_out,breath_in
1118,1727300000000.0,124,-1.3628645017864003,-0.000646565,0.001176555,0.198130332,-0.099115419,-0.048747747,298180,breath_out,breath_in
1119,1727300000000.0,124,-1.3717364787929276,-0.001713564,0.000288887,0.227539774,-0.099268354,-0.046168672,298381,breath_out,breath_in
1120,1727300000000.0,124,-1.3260715665110272,-0.0032419,-0.000845224,0.26206001,-0.094069419,-0.044934933,298580,hold_low,breath_in
1121,1727300000000.0,124,-1.2326093188737157,-0.004980409,-0.002113269,0.297459762,-0.08190287,-0.045719826,298780,hold_low,breath_in
1122,1727300000000.0,124,-1.1086456210404523,-0.006655861,-0.00326188,0.327240185,-0.062970684,-0.04850345,298980,hold_low,breath_in
1123,1727300000000.0,124,-0.9803511845816973,-0.00809989,-0.00389784,0.343758235,-0.040548033,-0.052679913,299180,hold_low,breath_in
1124,1727300000000.0,124,-0.8706209744490578,-0.009243253,-0.003769526,0.339271625,-0.019798234,-0.056262328,299379,hold_low,breath_in
1125,1727300000000.0,124,-0.7874821192224087,-0.010065079,-0.002994869,0.308973788,-0.005481371,-0.056425124,299578,hold_low,breath_in
1126,1727300000000.0,124,-0.7275527319662255,-0.010577919,-0.001906293,0.254109378,-0.000327657,-0.050896768,299778,hold_low,breath_in
1127,1727300000000.0,124,-0.6859735095250205,-0.010832415,-0.000797874,0.183334461,-0.004302668,-0.039435183,299978,hold_low,breath_in
1128,1727300000000.0,124,-0.6619362895547483,-0.010905999,0.000160034,0.110758708,-0.014442981,-0.024693556,300178,hold_low,breath_in
1129,1727300000000.0,124,-0.6595082407670212,-0.010864702,0.000911154,0.050009946,-0.024945591,-0.011292411,300378,hold_low,breath_in
1130,1727300000000.0,124,-0.6859353987401756,-0.010748072,0.001474879,0.007668862,-0.028944207,-0.003147963,300578,hold_low,breath_in
1131,1727300000000.0,124,-0.7485118827530536,-0.010600317,0.001901595,-0.019333131,-0.022119764,-0.001133006,300779,hold_low,breath_in
1132,1727300000000.0,124,-0.8465997823789542,-0.01047982,0.002234645,-0.039815487,-0.004909939,-0.003302981,300979,hold_low,breath_in
1133,1727300000000.0,124,-0.9648098202273351,-0.010424953,0.002483304,-0.060240293,0.017950244,-0.006907768,301179,hold_low,breath_in
1134,1727300000000.0,124,-1.080347472854311,-0.010423614,0.002626031,-0.080053607,0.039411444,-0.009865317,301379,hold_low,breath_in
1135,1727300000000.0,124,-1.1722984675935255,-0.010403261,0.002636903,-0.093835898,0.053179719,-0.011399578,301579,hold_low,breath_in
1136,1727300000000.0,124,-1.221944710277247,-0.010268145,0.002505478,-0.095983791,0.056869926,-0.01202447,301779,hold_low,breath_in
1137,1727300000000.0,124,-1.219675159613407,-0.010005696,0.002249426,-0.085205092,0.053624797,-0.012725031,301979,breath_in,breath_in
1138,1727300000000.0,124,-1.173177152698311,-0.009752845,0.001931697,-0.066344578,0.050207913,-0.01423173,302179,breath_in,breath_in
1139,1727300000000.0,124,-1.0976219874802122,-0.009725376,0.001657653,-0.047953576,0.052374125,-0.016676598,302379,breath_in,breath_in
1140,1727300000000.0,124,-1.0006987819332125,-0.010104297,0.001539763,-0.038871407,0.062268009,-0.019295985,302579,breath_in,breath_in
1141,1727300000000.0,124,-0.8833207701913494,-0.010982906,0.00166868,-0.044710278,0.078835582,-0.020820361,302779,breath_in,breath_in
1142,1727300000000.0,124,-0.7521797786626933,-0.012339115,0.002109685,-0.06593493,0.098877517,-0.020570194,302979,breath_in,breath_in
1143,1727300000000.0,124,-0.6249709653086755,-0.013984009,0.002895074,-0.101163978,0.11794918,-0.018806233,303179,breath_in,breath_in
1144,1727300000000.0,124,-0.5173692603183945,-0.015514902,0.003987913,-0.151861973,0.131267451,-0.015789066,303379,breath_in,breath_in
1145,1727300000000.0,124,-0.4288934705112401,-0.01637523,0.005228546,-0.222130688,0.135819656,-0.011108575,303579,breath_in,breath_in
1146,1727300000000.0,124,-0.35059610966211413,-0.016080052,0.006290013,-0.313427807,0.132334543,-0.004312208,303779,breath_in,breath_in
1147,1727300000000.0,124,-0.27931148939998546,-0.014447249,0.006749215,-0.418610498,0.123701515,0.004234646,303979,breath_in,breath_in
1148,1727300000000.0,124,-0.2162908544646642,-0.011688974,0.006371352,-0.519585352,0.111940563,0.013171961,304180,breath_in,breath_in
1149,1727300000000.0,124,-0.16167774360654705,-0.008338529,0.005309464,-0.589523421,0.097748916,0.020714055,304380,breath_in,breath_in
1150,1727300000000.0,124,-0.11202224035828388,-0.004990225,0.003910317,-0.603394124,0.081963726,0.025529249,304580,breath_in,breath_in
1151,1727300000000.0,124,-0.058842379950777575,-0.00205136,0.002426585,-0.557800919,0.066942035,0.02688133,304780,breath_in,breath_in
1152,1727300000000.0,124,0.0036272513943113316,0.000298979,0.000956616,-0.477849598,0.05636781,0.024322777,304980,breath_in,breath_in
1153,1727300000000.0,124,0.07188936586024623,0.002042781,-0.000489225,-0.396898337,0.0529756,0.018014846,305180,breath_in,breath_in
1154,1727300000000.0,124,0.14270419055966224,0.00325776,-0.001926545,-0.33495764,0.056898997,0.008929162,305380,breath_in,breath_in
1155,1727300000000.0,124,0.2211689539216578,0.00406761,-0.003346058,-0.29583987,0.066345116,-0.001765297,305580,breath_in,breath_in
1156,1727300000000.0,124,0.31440823565884934,0.00460884,-0.004659417,-0.273727538,0.078442683,-0.01299357,305780,breath_in,breath_in
1157,1727300000000.0,124,0.42465917445918094,0.005011077,-0.005644558,-0.258335669,0.089353247,-0.023396718,305980,breath_in,breath_in
1158,1727300000000.0,124,0.5454229910677207,0.005385714,-0.005988447,-0.238334882,0.095196762,-0.031559836,306180,breath_in,breath_out
1159,1727300000000.0,124,0.6598390468584707,0.005814131,-0.005534666,-0.205752823,0.093675305,-0.036777778,306380,breath_in,breath_out
1160,1727300000000.0,124,0.7495988495568906,0.006334007,-0.004485812,-0.159046022,0.084374265,-0.038982445,306579,breath_in,breath_out
1161,1727300000000.0,124,0.8065620067552489,0.006939675,-0.003253822,-0.102412668,0.067764514,-0.038248482,306780,breath_in,breath_out
1162,1727300000000.0,124,0.8334610973444718,0.007594493,-0.002175872,-0.043467892,0.044441525,-0.034939787,306980,breath_in,breath_out
1163,1727300000000.0,124,0.8373943440457878,0.008241765,-0.001403992,0.008927493,0.015124289,-0.029889092,307180,hold_high,breath_out
1164,1727300000000.0,124,0.8244363210230062,0.008824407,-0.000946348,0.047051962,-0.018118656,-0.024144193,307380,hold_high,breath_out
1165,1727300000000.0,124,0.8000073079375075,0.009314313,-0.000747843,0.067385775,-0.05037999,-0.018786294,307580,hold_high,breath_out
1166,1727300000000.0,124,0.7746493889933624,0.009729494,-0.000741898,0.071557177,-0.074998341,-0.014872004,307780,hold_high,breath_out
1167,1727300000000.0,124,0.7654091264585221,0.010116793,-0.000855378,0.06351163,-0.087447095,-0.013204144,307980,hold_high,breath_out
1168,1727300000000.0,124,0.7854489881268047,0.010507244,-0.001004104,0.046922243,-0.087966455,-0.014074996,308180,hold_high,breath_out
1169,1727300000000.0,124,0.8343201927934961,0.010883772,-0.001111429,0.025263903,-0.080695575,-0.017116582,308380,hold_high,breath_out
1170,1727300000000.0,124,0.9037110276068429,0.011184818,-0.001133593,0.002923624,-0.07124408,-0.021232925,308580,hold_high,breath_out
1171,1727300000000.0,124,0.9858301522072249,0.011335025,-0.001068221,-0.015261765,-0.063679861,-0.024784506,308780,hold_high,breath_out
1172,1727300000000.0,124,1.0706259361357235,0.011284271,-0.000950521,-0.026867367,-0.058115116,-0.025941225,308979,hold_high,breath_out
1173,1727300000000.0,124,1.1436778995230836,0.011042494,-0.00083143,-0.032707337,-0.051320264,-0.023319376,309179,hold_high,breath_out
1174,1727300000000.0,124,1.1910862911677422,0.010684326,-0.000741216,-0.033567367,-0.040012576,-0.016958441,309379,hold_high,breath_out
1175,1727300000000.0,124,1.2038003339324055,0.010300615,-0.000680314,-0.02726362,-0.024019482,-0.008514268,309579,hold_high,breath_out
1176,1727300000000.0,124,1.178326657931489,0.00994174,-0.000633606,-0.008434835,-0.006801445,-0.000336841,309779,hold_high,breath_out
1177,1727300000000.0,124,1.1142129202046853,0.009600728,-0.000565957,0.02812388,0.006634258,0.00541349,309979,hold_high,breath_out
1178,1727300000000.0,124,1.0165591985855678,0.009222735,-0.000425304,0.08152191,0.012370303,0.007506222,310179,hold_high,breath_out
1179,1727300000000.0,124,0.9044429683811981,0.008730905,-0.000186157,0.142634717,0.009494041,0.006346833,310379,hold_high,breath_out
1180,1727300000000.0,124,0.8073926081595294,0.008062589,0.000115195,0.198739414,0.000457081,0.00365136,310579,hold_high,breath_out
1181,1727300000000.0,124,0.753743664540429,0.007188055,0.000393592,0.2401016,-0.010541614,0.001242274,310780,hold_high,breath_out
1182,1727300000000.0,124,0.7672462799933758,0.006106825,0.000551561,0.263817827,-0.019725076,-0.000183898,310980,hold_high,breath_out
1183,1727300000000.0,124,0.8652219843180978,0.004839225,0.000502649,0.27356764,-0.025334157,-0.001738766,311180,hold_high,breath_out
1184,1727300000000.0,124,1.0538593278573796,0.003417186,0.000206186,0.275429657,-0.028133403,-0.005006357,311380,hold_high,breath_out
1185,1727300000000.0,124,1.31352805083613,0.001892995,-0.000260497,0.272820343,-0.030005898,-0.009572332,311582,hold_high,breath_out
1186,1727300000000.0,124,1.5630130022234625,0.000407295,-0.000719768,0.26545769,-0.032437858,-0.013029286,311780,hold_high,breath_out
1187,1727300000000.0,124,1.6631093758282383,-0.000737146,-0.001028617,0.252273634,-0.036624554,-0.013438449,311980,hold_high,breath_out
1188,1727300000000.0,124,1.519239738336988,-0.001229997,-0.00113526,0.234150188,-0.043292265,-0.010990522,312180,breath_out,breath_out
1189,1727300000000.0,124,1.1650031987848686,-0.001117543,-0.00104347,0.214252101,-0.051925596,-0.007381987,312380,breath_out,breath_out
1190,1727300000000.0,124,0.7081781252395725,-0.000807436,-0.000803728,0.19599552,-0.061163537,-0.00394082,312580,breath_out,breath_out
1191,1727300000000.0,124,0.2399853525437554,-0.00063594,-0.000506842,0.180868378,-0.070043786,-0.00076198,312784,breath_out,breath_in
1192,1727300000000.0,124,-0.18725435434410043,-0.000681355,-0.000243577,0.168100976,-0.078958929,0.002743423,312980,breath_out,breath_in
1193,1727300000000.0,124,-0.5455594873100688,-0.000906486,-6.73e-05,0.156280782,-0.088980417,0.007289866,313180,breath_out,breath_in
1194,1727300000000.0,124,-0.823082934900815,-0.001229425,1.65e-05,0.145337412,-0.09998684,0.013298224,313380,breath_out,breath_in
1195,1727300000000.0,124,-1.0245532838415652,-0.001545582,3.47e-05,0.136057227,-0.11060632,0.020598981,313580,breath_out,breath_in
1196,1727300000000.0,124,-1.165313152524594,-0.001800108,2.12e-05,0.128393174,-0.119934839,0.028529056,313780,breath_out,breath_in
1197,1727300000000.0,124,-1.2581866419623877,-0.002030503,5.27e-06,0.121006516,-0.127979423,0.035910563,313979,breath_out,breath_in
1198,1727300000000.0,124,-1.3082196913035058,-0.002337227,1.31e-05,0.111425726,-0.134248535,0.040923118,314179,breath_out,breath_in
1199,1727300000000.0,124,-1.317376252581911,-0.002808388,6.52e-05,0.098198362,-0.136956779,0.041620735,314379,breath_out,breath_in
1200,1727300000000.0,124,-1.2917647366395466,-0.003466735,0.000174335,0.084485633,-0.133630081,0.036800575,314580,hold_low,breath_in
1201,1727300000000.0,124,-1.2471975574313994,-0.004280433,0.00033788,0.077168341,-0.121924427,0.026541375,314780,hold_low,breath_in
1202,1727300000000.0,124,-1.206630229754157,-0.0052009,0.000541918,0.080751053,-0.10098594,0.01271096,314980,hold_low,breath_in
1203,1727300000000.0,124,-1.1889080024502194,-0.006172245,0.000775902,0.094018584,-0.072662957,-0.001280034,315180,hold_low,breath_in
1204,1727300000000.0,124,-1.2055050711623378,-0.007091953,0.001026151,0.113133045,-0.040840768,-0.012371252,315381,hold_low,breath_in
1205,1727300000000.0,124,-1.2690688738255869,-0.007804899,0.001271212,0.135334342,-0.010258132,-0.019398157,315580,hold_low,breath_in
1206,1727300000000.0,124,-1.3888663861417543,-0.008221227,0.001502237,0.158265579,0.013647779,-0.022610269,315780,hold_low,breath_in
1207,1727300000000.0,124,-1.5540534870324854,-0.008432019,0.001726668,0.176896128,0.026173047,-0.022869308,315980,hold_low,breath_in
1208,1727300000000.0,124,-1.7338758416547275,-0.008627717,0.001945938,0.182797761,0.027010813,-0.021585464,316180,hold_low,breath_in
1209,1727300000000.0,124,-1.8886494377182943,-0.008907415,0.002140364,0.166708238,0.021465276,-0.02009081,316380,hold_low,breath_in
1210,1727300000000.0,124,-1.971929338466425,-0.009242193,0.002275249,0.121814449,0.016902944,-0.018715512,316584,hold_low,breath_in
1211,1727300000000.0,124,-1.9335222155563183,-0.009578505,0.002319169,0.047143715,0.018675539,-0.016897433,316779,breath_in,breath_in
1212,1727300000000.0,124,-1.7355039201362739,-0.009865882,0.002258753,-0.05042278,0.02865823,-0.014043009,316980,breath_in,breath_in
1213,1727300000000.0,124,-1.369963080683188,-0.010021423,0.002110084,-0.158057698,0.045630225,-0.010254213,317180,breath_in,breath_in
1214,1727300000000.0,124,-0.8619117696731293,-0.009940712,0.001913723,-0.260480813,0.065923202,-0.006202054,317380,breath_in,breath_in
1215,1727300000000.0,124,-0.2630627603848595,-0.009527038,0.001700499,-0.34200873,0.083520892,-0.002173036,317580,breath_in,breath_in
1216,1727300000000.0,124,0.34857188295549246,-0.008710086,0.001470157,-0.388031118,0.091463964,0.002302422,317784,breath_in,breath_in
1217,1727300000000.0,124,0.854761108141547,-0.007463509,0.001214736,-0.388372974,0.086050205,0.007521281,317978,breath_in,breath_out
1218,1727300000000.0,124,1.1122251044082494,-0.005817016,0.000953009,-0.341794629,0.069418329,0.013174731,318180,breath_in,breath_out
1219,1727300000000.0,124,1.0539661805251688,-0.00386314,0.000722767,-0.256703379,0.047717585,0.019015408,318380,hold_high,breath_out
1220,1727300000000.0,124,0.7634679696603539,-0.001778388,0.000540166,-0.147853166,0.028712411,0.024709345,318580,hold_high,breath_out
1221,1727300000000.0,124,0.39944443808987323,0.000116855,0.000390935,-0.033907259,0.019080098,0.029470598,318780,hold_high,breath_in
1222,1727300000000.0,124,0.09047175713988577,0.001397135,0.000256652,0.062868853,0.020387838,0.032654481,318984,hold_high,breath_in
1223,1727300000000.0,124,-0.08984247592974533,0.001820029,0.000133423,0.119986554,0.028975356,0.033764521,319180,hold_high,breath_in
1224,1727300000000.0,124,-0.11039131247226322,0.001543177,3.26e-05,0.126200156,0.039983507,0.032147225,319380,hold_high,breath_in
1225,1727300000000.0,124,0.034205991686630834,0.000947581,-3.6e-05,0.088755969,0.049493354,0.027813005,319580,hold_high,breath_in
1226,1727300000000.0,124,0.3346165683666793,0.00036194,-8.27e-05,0.024144476,0.055122024,0.022018228,319780,hold_high,breath_in
1227,1727300000000.0,124,0.7584914847458571,-1.88e-05,-0.000129985,-0.052626166,0.057380767,0.016577581,319980,hold_high,breath_out
1228,1727300000000.0,124,1.2351384405171462,-0.000101321,-0.000198973,-0.12871261,0.059513594,0.012725564,320180,hold_high,breath_out
1229,1727300000000.0,124,1.6444240498119622,0.000146638,-0.000308422,-0.192359715,0.065251677,0.010108983,320380,hold_high,breath_out
1230,1727300000000.0,124,1.8391519954152213,0.00070951,-0.000460058,-0.234515675,0.076305989,0.007113825,320579,hold_high,breath_out
1231,1727300000000.0,124,1.7451113186696117,0.001517891,-0.000626826,-0.251748842,0.090832975,0.00302549,320780,hold_high,breath_out
1232,1727300000000.0,124,1.4370027196264787,0.002456902,-0.000782537,-0.24784705,0.104766044,-0.00068793,320980,hold_high,breath_out
1233,1727300000000.0,124,1.0636594983714347,0.003391398,-0.00093064,-0.231010874,0.115227923,-0.002032803,321180,hold_high,breath_out
1234,1727300000000.0,124,0.7333811078154233,0.004205238,-0.001092955,-0.209008375,0.121669474,-0.00072768,321380,hold_high,breath_out
1235,1727300000000.0,124,0.4893488480653676,0.00483575,-0.00128126,-0.186872666,0.124365062,0.001717625,321583,hold_high,breath_out
1236,1727300000000.0,124,0.3329233097577818,0.005277746,-0.001475417,-0.168079605,0.12341876,0.003354512,321779,hold_high,breath_in
1237,1727300000000.0,124,0.24668964509640154,0.005569341,-0.001631558,-0.156617612,0.118728298,0.002982846,321980,hold_high,breath_in
1238,1727300000000.0,124,0.2137245285567926,0.005776942,-0.001714297,-0.15564513,0.110544647,0.000543104,322180,hold_high,breath_in
1239,1727300000000.0,124,0.22310832984202958,0.005982087,-0.001714384,-0.163221721,0.100356304,-0.003423524,322380,hold_high,breath_in
1240,1727300000000.0,124,0.2664759097664647,0.006261702,-0.001645582,-0.171979202,0.090128256,-0.00836518,322580,hold_high,breath_in
1241,1727300000000.0,124,0.3387998503106218,0.006656427,-0.001530976,-0.175088522,0.080468623,-0.013644856,322781,hold_high,breath_in
1242,1727300000000.0,124,0.44152978600083936,0.007157497,-0.001395042,-0.171678002,0.070795318,-0.018310722,322979,hold_high,breath_in
1243,1727300000000.0,124,0.5813432962228164,0.007720818,-0.001273612,-0.165553365,0.061125203,-0.021212681,323179,hold_high,breath_out
1244,1727300000000.0,124,0.760084301847033,0.008285301,-0.00121438,-0.15973506,0.052803176,-0.021640771,323380,hold_high,breath_out
1245,1727300000000.0,124,0.9610353468223284,0.008795896,-0.001247239,-0.153074478,0.04723165,-0.020123365,323580,hold_high,breath_out
1246,1727300000000.0,124,1.1473148081590645,0.00922277,-0.001350033,-0.141650845,0.043878069,-0.018297885,323780,hold_high,breath_out
1247,1727300000000.0,124,1.2779026590441322,0.009558732,-0.001458628,-0.122626846,0.039820114,-0.01753258,323980,hold_high,breath_out
1248,1727300000000.0,124,1.327076612936226,0.009806135,-0.001521454,-0.095974361,0.031829943,-0.017876442,324182,hold_high,breath_out
1249,1727300000000.0,124,1.2918027664212544,0.009973716,-0.001530509,-0.063049989,0.018927068,-0.018541027,324380,breath_out,breath_out
1250,1727300000000.0,124,1.1887871779324806,0.010080461,-0.001500198,-0.024221924,0.002188875,-0.018650371,324581,breath_out,breath_out
1251,1727300000000.0,124,1.047218078378729,0.010149947,-0.001440408,0.022476456,-0.017054967,-0.017700751,324780,breath_out,breath_out
1252,1727300000000.0,124,0.8970701343037516,0.01018848,-0.001360282,0.079706068,-0.03725261,-0.016371388,324980,breath_out,breath_out
1253,1727300000000.0,124,0.7582083251762161,0.010148019,-0.001279842,0.147219815,-0.055818511,-0.016455241,325180,breath_out,breath_out
1254,1727300000000.0,124,0.6365348361892318,0.00990863,-0.0012165,0.22051898,-0.070296896,-0.01921111,325380,breath_out,breath_out
1255,1727300000000.0,124,0.5276466250787702,0.009325504,-0.00116556,0.292396202,-0.080742911,-0.023984011,325580,breath_out,breath_out
1256,1727300000000.0,124,0.4239785229653645,0.00830127,-0.001107111,0.354669661,-0.089689466,-0.028606208,325779,breath_out,breath_in
1257,1727300000000.0,124,0.3182435340813587,0.006814928,-0.00102634,0.400088031,-0.099565363,-0.03087373,325980,breath_out,breath_in
1258,1727300000000.0,124,0.20656076953265343,0.004909527,-0.000921156,0.424419362,-0.111181274,-0.029479439,326180,breath_out,breath_in
1259,1727300000000.0,124,0.09580121203364575,0.002672297,-0.000787745,0.42609511,-0.123683375,-0.024115802,326380,breath_out,breath_in
1260,1727300000000.0,124,0.0012170113845489938,0.000232091,-0.000591893,0.403954221,-0.134583634,-0.015381573,326580,breath_out,breath_in
1261,1727300000000.0,124,-0.07022717552814471,-0.002211352,-0.000257385,0.357868474,-0.140609784,-0.004467864,326779,breath_out,breath_in
1262,1727300000000.0,124,-0.12871583264697178,-0.004317187,0.000294206,0.292199268,-0.139502925,0.007544745,326980,breath_out,breath_in
1263,1727300000000.0,124,-0.18871894824392946,-0.005619486,0.001036767,0.217459243,-0.13097464,0.019853961,327180,breath_out,breath_in
1264,1727300000000.0,124,-0.25190805421879814,-0.005817932,0.001772906,0.148517096,-0.116352462,0.030887148,327380,breath_out,breath_in
1265,1727300000000.0,124,-0.30915437098679754,-0.005062257,0.00226574,0.09881726,-0.098672101,0.038249025,327580,breath_out,breath_in
1266,1727300000000.0,124,-0.3535028584015364,-0.003828757,0.002428274,0.073916676,-0.082871583,0.040902546,327780,breath_out,breath_in
1267,1727300000000.0,124,-0.385434709643625,-0.002603478,0.002316002,0.070246744,-0.073509762,0.040328513,327979,breath_out,breath_in
1268,1727300000000.0,124,-0.4135857573237766,-0.001695845,0.002015729,0.078263644,-0.071512267,0.039005528,328181,breath_out,breath_in
1269,1727300000000.0,124,-0.45194800211341196,-0.001191981,0.001620718,0.086815098,-0.074367112,0.038605498,328380,breath_out,breath_in
1270,1727300000000.0,124,-0.5122609904469579,-0.001001873,0.001243147,0.087396785,-0.078527215,0.039499942,328580,breath_out,breath_in
1271,1727300000000.0,124,-0.6005754327257508,-0.000966064,0.000976334,0.076844309,-0.080367069,0.040963616,328780,breath_out,breath_in
1272,1727300000000.0,124,-0.7154805175594153,-0.000996926,0.00085166,0.057456539,-0.077100298,0.041634354,328980,breath_out,breath_in
1273,1727300000000.0,124,-0.8456402454222083,-0.001210924,0.000846133,0.034064209,-0.068142588,0.040389339,329180,breath_out,breath_in
1274,1727300000000.0,124,-0.9758779757324871,-0.001870683,0.000919356,0.011119625,-0.054947257,0.036808525,329379,breath_out,breath_in
1275,1727300000000.0,124,-1.0939758182796895,-0.003011427,0.001042913,-0.006778125,-0.040313001,0.030804463,329580,breath_out,breath_in
1276,1727300000000.0,124,-1.187133179638243,-0.004220863,0.001205619,-0.014394025,-0.027221145,0.022286385,329780,breath_out,breath_in
1277,1727300000000.0,124,-1.2446950679517792,-0.005056684,0.001398716,-0.008494401,-0.016742387,0.011166813,329980,breath_out,breath_in
1278,1727300000000.0,124,-1.2697798002419436,-0.005507497,0.001608171,0.009833073,-0.00799304,-0.002062696,330180,hold_low,breath_in
1279,1727300000000.0,124,-1.2790870237819316,-0.005853145,0.001812182,0.03639801,-0.000167755,-0.015751099,330384,hold_low,breath_in
1280,1727300000000.0,124,-1.2918651781472683,-0.006330784,0.001972336,0.067873416,0.006168114,-0.02790912,330579,hold_low,breath_in
1281,1727300000000.0,124,-1.3160897464617307,-0.007033269,0.002036131,0.104477333,0.008985509,-0.037591994,330779,hold_low,breath_in
1282,1727300000000.0,124,-1.340071046869193,-0.00791565,0.00192754,0.148620054,0.006510182,-0.045343826,330979,hold_low,breath_in
1283,1727300000000.0,124,-1.3455433281622313,-0.008825924,0.001529324,0.201361858,-0.000500237,-0.052516324,331179,hold_low,breath_in
1284,1727300000000.0,124,-1.3303542214360136,-0.009606264,0.000741181,0.258011074,-0.009624278,-0.059668621,331379,hold_low,breath_in
1285,1727300000000.0,124,-1.3103994857264027,-0.010199663,-0.000404843,0.305766109,-0.019011778,-0.0656469,331581,hold_low,breath_in
1286,1727300000000.0,124,-1.3018234906096513,-0.010656044,-0.001694096,0.329075671,-0.027320293,-0.068513847,331779,hold_low,breath_in
1287,1727300000000.0,124,-1.3079041197579686,-0.011055811,-0.002760362,0.318842362,-0.033322553,-0.066767991,331980,hold_low,breath_in
1288,1727300000000.0,124,-1.318917424226989,-0.011449982,-0.003199997,0.274948114,-0.036106101,-0.059727374,332180,hold_low,breath_in
1289,1727300000000.0,124,-1.315900617239744,-0.011840719,-0.002833039,0.201849419,-0.034329975,-0.047586765,332380,hold_low,breath_in
1290,1727300000000.0,124,-1.2762066320338974,-0.012176486,-0.00186772,0.105509139,-0.025908301,-0.031485309,332580,breath_in,breath_in
1291,1727300000000.0,124,-1.185737327621358,-0.012368477,-0.000697937,-0.005053722,-0.009228458,-0.013598986,332780,breath_in,breath_in
1292,1727300000000.0,124,-1.048866183694733,-0.012326187,0.000368429,-0.115907968,0.015166772,0.003211754,332980,breath_in,breath_in
1293,1727300000000.0,124,-0.885739914590094,-0.011984953,0.001158192,-0.210850779,0.044195734,0.016157734,333180,breath_in,breath_in
1294,1727300000000.0,124,-0.7236960630101583,-0.011321104,0.001601224,-0.27841033,0.073643101,0.023154143,333380,breath_in,breath_in
1295,1727300000000.0,124,-0.5848506379583506,-0.010375369,0.001727861,-0.317547617,0.099072201,0.023969563,333580,breath_in,breath_in
1296,1727300000000.0,124,-0.47304178726165413,-0.009252057,0.001636613,-0.335760058,0.116214837,0.021030679,333780,breath_in,breath_in
1297,1727300000000.0,124,-0.3792657489566021,-0.008063788,0.001427611,-0.341749969,0.122731183,0.017723391,333980,breath_in,breath_in
1298,1727300000000.0,124,-0.2992790474297308,-0.006884607,0.001169178,-0.340570018,0.119272076,0.015705503,334184,breath_in,breath_in
1299,1727300000000.0,124,-0.23638200541348553,-0.005747969,0.000908237,-0.333029393,0.10846994,0.014250098,334379,breath_in,breath_in
1300,1727300000000.0,124,-0.19378554557492828,-0.004664005,0.000682327,-0.3169048,0.093577704,0.01168447,334580,breath_in,breath_in
1301,1727300000000.0,124,-0.1694398775703051,-0.00364008,0.000513884,-0.290649127,0.077452166,0.007331418,334780,breath_in,breath_in
1302,1727300000000.0,124,-0.15033497674517696,-0.002686331,0.000394838,-0.257949132,0.062726982,0.00225779,334980,breath_in,breath_in
1303,1727300000000.0,124,-0.11588247106994402,-0.001805281,0.000290074,-0.226657124,0.05250431,-0.001830615,335180,breath_in,breath_in
1304,1727300000000.0,124,-0.05294767444441333,-0.000991111,0.00016614,-0.202859168,0.048798233,-0.003721171,335379,breath_in,breath_in
1305,1727300000000.0,124,0.04246570290672669,-0.000235405,9.62e-06,-0.187876301,0.050424301,-0.002611965,335580,breath_in,breath_in
1306,1727300000000.0,124,0.1797289961241376,0.000482818,-0.000177431,-0.179543063,0.054100515,0.001819857,335780,breath_in,breath_in
1307,1727300000000.0,124,0.3802593977639033,0.001199416,-0.000385095,-0.174692335,0.057296998,0.009001164,335980,breath_in,breath_in
1308,1727300000000.0,124,0.6718895345561638,0.001936509,-0.000599215,-0.172227876,0.059605366,0.017684501,336180,breath_in,breath_out
1309,1727300000000.0,124,1.0781444460169225,0.002684699,-0.000801265,-0.174892809,0.062266626,0.026480509,336380,breath_in,breath_out
1310,1727300000000.0,124,1.603202427632291,0.003421827,-0.000965169,-0.186908197,0.066653656,0.034354881,336579,breath_in,breath_out
1311,1727300000000.0,124,2.2161737978466842,0.004138671,-0.001064901,-0.209110452,0.072703053,0.040826682,336780,breath_in,breath_out
1312,1727300000000.0,124,2.8383070719728725,0.004841924,-0.001096583,-0.236005958,0.078759253,0.045372369,336980,breath_in,breath_out
1313,1727300000000.0,124,3.3248663935593954,0.005534628,-0.001089128,-0.257128745,0.083037882,0.046785251,337180,breath_in,breath_out
1314,1727300000000.0,124,3.469956288516797,0.006213297,-0.001086888,-0.26133676,0.0846222,0.043629071,337380,breath_in,breath_out
1315,1727300000000.0,124,3.125023766924632,0.006881858,-0.001123347,-0.241496513,0.082700046,0.035445431,337580,hold_high,breath_out
1316,1727300000000.0,124,2.382879275146698,0.007531056,-0.001201892,-0.198539798,0.075764264,0.023483196,337784,hold_high,breath_out
1317,1727300000000.0,124,1.567465196714674,0.008107138,-0.001290122,-0.142371398,0.062335039,0.010088351,337979,hold_high,breath_out
1318,1727300000000.0,124,0.9720173078421307,0.00852986,-0.001337505,-0.08743517,0.042257174,-0.002659774,338180,hold_high,breath_out
1319,1727300000000.0,124,0.664402368124183,0.008745147,-0.001300606,-0.046672306,0.017123796,-0.013182574,338380,hold_high,breath_out
1320,1727300000000.0,124,0.5470977285475349,0.008770502,-0.001144641,-0.028669147,-0.009976492,-0.019515982,338580,hold_high,breath_out
1321,1727300000000.0,124,0.4925996623950707,0.008703187,-0.000826607,-0.037627891,-0.034556638,-0.019227521,338780,hold_high,breath_out
1322,1727300000000.0,124,0.4016484524508026,0.008683162,-0.000294839,-0.073478159,-0.051340327,-0.010269495,338980,hold_high,breath_in
1323,1727300000000.0,124,0.22072230977029944,0.008843937,0.000442579,-0.131021235,-0.056363611,0.008012137,339179,hold_high,breath_in
1324,1727300000000.0,124,-0.037627495112374405,0.009264683,0.001200477,-0.199343677,-0.048769836,0.033752639,339380,hold_high,breath_in
1325,1727300000000.0,124,-0.2786796339577927,0.009937174,0.001656884,-0.263096165,-0.03003868,0.061971109,339580,hold_high,breath_in
1326,1727300000000.0,124,-0.36059645084049413,0.010787498,0.001584722,-0.304710791,-0.002930798,0.085469974,339780,hold_high,breath_in
1327,1727300000000.0,124,-0.20990783226650392,0.011728832,0.001001855,-0.308460752,0.027794915,0.097741124,339980,hold_high,breath_in
1328,1727300000000.0,124,0.10296319017998846,0.012684224,0.000148397,-0.267317076,0.055485779,0.096508186,340180,hold_high,breath_in
1329,1727300000000.0,124,0.4390718184661313,0.013575354,-0.000644707,-0.186228865,0.073529565,0.08475167,340390,hold_high,breath_in
1330,1727300000000.0,124,0.6994393578922222,0.014304299,-0.001144868,-0.078427124,0.077376768,0.068388714,340579,hold_high,breath_out
1331,1727300000000.0,124,0.8468305031382415,0.014737413,-0.001318746,0.040061581,0.065803346,0.052864763,340780,hold_high,breath_out
1332,1727300000000.0,124,0.8839368729057958,0.014729346,-0.00127467,0.154387256,0.040849322,0.041037976,340980,hold_high,breath_out
1333,1727300000000.0,124,0.8367592830235614,0.014201146,-0.001141897,0.253242922,0.006863522,0.032904378,341180,breath_out,breath_out
1334,1727300000000.0,124,0.7413829479305882,0.01318435,-0.001002956,0.329513419,-0.030321113,0.026447412,341380,breath_out,breath_out
1335,1727300000000.0,124,0.6307904367688908,0.011780607,-0.000894875,0.379992712,-0.06436877,0.019049647,341580,breath_out,breath_out
1336,1727300000000.0,124,0.5233906833207311,0.010092522,-0.000821604,0.405740118,-0.090146358,0.008852183,341779,breath_out,breath_out
1337,1727300000000.0,124,0.4194127084707371,0.008202655,-0.000765025,0.412607064,-0.105994023,-0.004296794,341980,breath_out,breath_in
1338,1727300000000.0,124,0.3123691305818744,0.006219394,-0.00070263,0.409503313,-0.114034856,-0.018829764,342180,breath_out,breath_in
1339,1727300000000.0,124,0.204375988651926,0.004305565,-0.000615354,0.404770806,-0.117156459,-0.032549333,342380,breath_out,breath_in
1340,1727300000000.0,124,0.10737549300855886,0.00263424,-0.000495327,0.403052379,-0.116500186,-0.043258477,342580,breath_out,breath_in
1341,1727300000000.0,124,0.034490932134068376,0.001317883,-0.000363178,0.404552292,-0.111774004,-0.048950736,342780,breath_out,breath_in
1342,1727300000000.0,124,-0.004867179519361202,0.000340358,-0.00025278,0.406405441,-0.102809567,-0.048513923,342984,breath_out,breath_in
1343,1727300000000.0,124,-0.005131461784359526,-0.000447632,-0.000170226,0.404326428,-0.090622733,-0.041599119,343178,breath_out,breath_in
1344,1727300000000.0,124,0.02939762163612225,-0.001215082,-9.52e-05,0.395240984,-0.076707049,-0.028114832,343378,breath_out,breath_in
1345,1727300000000.0,124,0.07530865122949677,-0.00203258,-1.16e-05,0.379906889,-0.062276987,-0.009038766,343578,breath_out,breath_in
1346,1727300000000.0,124,0.09889388441502102,-0.002865501,8.4e-05,0.362066833,-0.049355304,0.012896138,343778,breath_out,breath_in
1347,1727300000000.0,124,0.07968213092210381,-0.00364731,0.000191713,0.345157405,-0.040949581,0.033927203,343978,breath_out,breath_in
1348,1727300000000.0,124,0.020742555545206803,-0.004349007,0.000315631,0.32975235,-0.038869566,0.050274153,344181,breath_out,breath_in
1349,1727300000000.0,124,-0.06149375081418392,-0.004984733,0.000465429,0.313130432,-0.042163685,0.058249892,344378,breath_out,breath_in
1350,1727300000000.0,124,-0.15108971275532718,-0.005570141,0.000646258,0.291549185,-0.047899657,0.053674621,344580,breath_out,breath_in
1351,1727300000000.0,124,-0.24069030497874125,-0.006109084,0.000854319,0.263343876,-0.053260328,0.032101438,344780,breath_out,breath_in
1352,1727300000000.0,124,-0.3305829611607789,-0.006618537,0.001081083,0.230160435,-0.057525734,-0.009393552,344980,breath_out,breath_in
1353,1727300000000.0,124,-0.41691635497876217,-0.007132646,0.0013103,0.196033599,-0.062474045,-0.070109267,345180,breath_out,breath_in
1354,1727300000000.0,124,-0.4859050675856628,-0.007684604,0.001517956,0.164434429,-0.070602902,-0.1441871,345382,breath_out,breath_in
1355,1727300000000.0,124,-0.5248453853080371,-0.00829772,0.001685404,0.135967841,-0.082693737,-0.219469944,345580,breath_out,breath_in
1356,1727300000000.0,124,-0.530576606232684,-0.008975484,0.001803677,0.110714062,-0.096721979,-0.276691662,345781,breath_out,breath_in
1357,1727300000000.0,124,-0.5084955024340707,-0.009693528,0.001872624,0.09126697,-0.108825112,-0.294048905,345980,breath_out,breath_in
1358,1727300000000.0,124,-0.475776503205936,-0.010409788,0.001920507,0.080633715,-0.115762302,-0.262544493,346180,breath_out,breath_in
1359,1727300000000.0,124,-0.4614952879803662,-0.011083697,0.002016982,0.078757672,-0.116837069,-0.195819831,346380,breath_out,breath_in
1360,1727300000000.0,124,-0.49047373148476453,-0.01168899,0.002239092,0.082268822,-0.113348721,-0.118130077,346580,hold_low,breath_in
1361,1727300000000.0,124,-0.5643580771542016,-0.012202125,0.002612009,0.085845318,-0.106666938,-0.048110856,346779,hold_low,breath_in
1362,1727300000000.0,124,-0.6606472902056527,-0.0125814,0.003073513,0.083926674,-0.097033989,0.004666614,346980,hold_low,breath_in
1363,1727300000000.0,124,-0.7519087290620684,-0.012787097,0.003486423,0.072775441,-0.083743189,0.037144806,347180,hold_low,breath_in
1364,1727300000000.0,124,-0.8232075963465689,-0.012820842,0.003682175,0.051028828,-0.066741062,0.051022142,347380,hold_low,breath_in
1365,1727300000000.0,124,-0.8673242134722055,-0.012722739,0.003481883,0.017118837,-0.047444122,0.051602877,347580,hold_low,breath_in
1366,1727300000000.0,124,-0.8757609439452718,-0.012535861,0.002779855,-0.032393367,-0.027036183,0.046013514,347780,hold_low,breath_in
1367,1727300000000.0,124,-0.8491446567501307,-0.012283486,0.001737393,-0.098781482,-0.005625372,0.040708402,347979,hold_low,breath_in
1368,1727300000000.0,124,-0.8085566708904489,-0.011974789,0.000703056,-0.176483572,0.016255255,0.039599133,348179,hold_low,breath_in
1369,1727300000000.0,124,-0.7831777375883052,-0.011609008,-0.000165967,-0.254197447,0.037526181,0.043447014,349072,hold_low,breath_in
1370,1727300000000.0,124,-0.7866732445272453,-0.011170928,-0.000975288,-0.319426801,0.057927786,0.050257009,349091,hold_low,breath_in
1371,1727300000000.0,124,-0.8088594201158512,-0.010646344,-0.001836541,-0.362454473,0.077731206,0.05662461,349102,hold_low,breath_in
1372,1727300000000.0,124,-0.8272491204179112,-0.010037975,-0.002710212,-0.378511903,0.096390768,0.059579936,349113,hold_low,breath_in
1373,1727300000000.0,124,-0.8233262028078148,-0.009362112,-0.003380152,-0.368042527,0.112265386,0.057838608,349184,hold_low,breath_in
1374,1727300000000.0,124,-0.7907995383817004,-0.008645036,-0.003529959,-0.336217621,0.123437289,0.052045608,349380,breath_in,breath_in
1375,1727300000000.0,124,-0.7326132743127163,-0.007912431,-0.003006185,-0.292570093,0.128822089,0.04400751,349580,breath_in,breath_in
1376,1727300000000.0,124,-0.6551536383790568,-0.007171508,-0.002001244,-0.248853432,0.128843007,0.03539929,349780,breath_in,breath_in
1377,1727300000000.0,124,-0.5679070104270362,-0.006414522,-0.00086663,-0.214294949,0.124701789,0.027348835,349980,breath_in,breath_in
1378,1727300000000.0,124,-0.48045023889503036,-0.005633525,0.000146381,-0.192213462,0.117231877,0.020750707,350180,breath_in,breath_in
1379,1727300000000.0,124,-0.395477079538002,-0.00482337,0.000925489,-0.181378975,0.107367479,0.016115899,350384,breath_in,breath_in
1380,1727300000000.0,124,-0.3092248937475383,-0.003982443,0.001437486,-0.180068006,0.096699645,0.013555904,350579,breath_in,breath_in
1381,1727300000000.0,124,-0.21800263420264526,-0.003117601,0.001678797,-0.187802539,0.086842614,0.013139313,350779,breath_in,breath_in
1382,1727300000000.0,124,-0.12254259785323736,-0.002240367,0.001643198,-0.203144983,0.079192669,0.014492028,350980,breath_in,breath_in
1383,1727300000000.0,124,-0.026584628071932327,-0.001341881,0.001316432,-0.221961733,0.074619013,0.016204543,351180,breath_in,breath_out
1384,1727300000000.0,124,0.06907557894180047,-0.000373619,0.000682926,-0.238910051,0.072741564,0.016542097,351380,breath_in,breath_in
1385,1727300000000.0,124,0.16672146469861365,0.000729238,-0.000220871,-0.249963728,0.072252348,0.014932856,351580,breath_in,breath_in
1386,1727300000000.0,124,0.2624012613681078,0.002000414,-0.001192345,-0.254856002,0.071349995,0.012791926,351781,breath_in,breath_in
1387,1727300000000.0,124,0.3463675124190037,0.003400749,-0.001908033,-0.257781676,0.067860571,0.012840975,351979,breath_in,breath_in
1388,1727300000000.0,124,0.4151329029502252,0.004806429,-0.002171938,-0.264098475,0.06071162,0.017125492,352180,breath_in,breath_in
1389,1727300000000.0,124,0.4724347831054749,0.00607118,-0.002013895,-0.27643288,0.051695654,0.025646792,352380,breath_in,breath_out
1390,1727300000000.0,124,0.5246540380295573,0.007115578,-0.001584971,-0.294109187,0.045081728,0.036768709,352580,breath_in,breath_out
1391,1727300000000.0,124,0.5854827685729653,0.007929246,-0.001078228,-0.314346848,0.045212082,0.048267327,352780,breath_in,breath_out
1392,1727300000000.0,124,0.6722973555715588,0.00852431,-0.000675038,-0.333228247,0.053843955,0.05811888,352980,breath_in,breath_out
1393,1727300000000.0,124,0.7916542787208759,0.008945632,-0.000484139,-0.345668686,0.068758698,0.065102335,353180,breath_in,breath_out
1394,1727300000000.0,124,0.9345608174997874,0.009298546,-0.000520264,-0.344445499,0.084862509,0.068828597,353380,breath_in,breath_out
1395,1727300000000.0,124,1.0816559808560309,0.009713749,-0.000715734,-0.322211866,0.096952365,0.069188069,353580,breath_in,breath_out
1396,1727300000000.0,124,1.2082044447231122,0.01027248,-0.000956785,-0.277365945,0.101312409,0.066367344,353780,breath_in,breath_out
1397,1727300000000.0,124,1.2882848204220785,0.010974218,-0.001147612,-0.216219406,0.096196642,0.061269826,353980,breath_in,breath_out
1398,1727300000000.0,124,1.2990406099617273,0.011758463,-0.001260833,-0.148531299,0.082561252,0.0552132,354180,hold_high,breath_out
1399,1727300000000.0,124,1.223679204247886,0.012522029,-0.001324117,-0.082706479,0.063318436,0.049225637,354380,hold_high,breath_out
1400,1727300000000.0,124,1.052995958301644,0.013133256,-0.001361438,-0.024822985,0.041231688,0.043638928,354579,hold_high,breath_out
1401,1727300000000.0,124,0.7872604970213888,0.013465857,-0.001359261,0.020548738,0.018387156,0.038104102,354780,hold_high,breath_out
1402,1727300000000.0,124,0.4421032286513074,0.013430783,-0.001291167,0.050888338,-0.002899424,0.031622301,354980,hold_high,breath_in
1403,1727300000000.0,124,0.05892457550183791,0.013015732,-0.001158415,0.066362408,-0.019548175,0.02275329,355180,hold_high,breath_in
1404,1727300000000.0,124,-0.283259695474792,0.012326645,-0.000996678,0.069256332,-0.028533073,0.011022532,355380,hold_high,breath_in
1405,1727300000000.0,124,-0.4564903090211257,0.01157752,-0.000867024,0.064270361,-0.028553551,-0.001803383,355584,hold_high,breath_in
1406,1727300000000.0,124,-0.31452442989431734,0.01100211,-0.000836443,0.057785614,-0.020523992,-0.012883041,355780,hold_high,breath_in
1407,1727300000000.0,124,0.1979758700269194,0.010710377,-0.00092166,0.054673225,-0.00696812,-0.020766529,355979,hold_high,breath_in
1408,1727300000000.0,124,0.9691208881939279,0.01063309,-0.001057976,0.056845183,0.008430474,-0.026145919,356180,hold_high,breath_out
1409,1727300000000.0,124,1.7850713670182532,0.01064214,-0.001148668,0.063625096,0.021157447,-0.029955704,356380,hold_high,breath_out
1410,1727300000000.0,124,2.4356783838813163,0.010668826,-0.001133805,0.071797042,0.027024535,-0.031342098,356580,hold_high,breath_out
1411,1727300000000.0,124,2.750450315287776,0.010698857,-0.001016994,0.077493359,0.024892106,-0.028406172,356780,hold_high,breath_out
1412,1727300000000.0,124,2.616774422303604,0.010735866,-0.000844209,0.079083298,0.017904257,-0.020568409,356980,hold_high,breath_out
1413,1727300000000.0,124,2.057733730575715,0.010791149,-0.000667999,0.076977276,0.01087401,-0.009327883,357178,hold_high,breath_out
1414,1727300000000.0,124,1.2904909718363637,0.010878544,-0.000539012,0.071404605,0.007607045,0.002799909,357380,hold_high,breath_out
1415,1727300000000.0,124,0.6242054630286091,0.011008104,-0.000504194,0.06241074,0.010123706,0.013222698,357580,hold_high,breath_out
1416,1727300000000.0,124,0.25790276405418755,0.011190995,-0.000580978,0.051806037,0.017169228,0.019886029,357780,hold_high,breath_in
1417,1727300000000.0,124,0.19245906678896926,0.011442058,-0.000742105,0.043376388,0.023229667,0.022164761,357980,hold_high,breath_in
1418,1727300000000.0,124,0.31887182776795847,0.011760366,-0.000936772,0.04152528,0.021498721,0.020923326,358182,hold_high,breath_in
1419,1727300000000.0,124,0.5298591876531228,0.012107751,-0.00112231,0.050465215,0.008247365,0.017119534,358379,hold_high,breath_out
1420,1727300000000.0,124,0.7531826880345364,0.012403186,-0.001277628,0.073021775,-0.015699676,0.010599268,358581,hold_high,breath_out
1421,1727300000000.0,124,0.945718373070323,0.012538674,-0.001389877,0.109879389,-0.045903757,0.000567375,358780,hold_high,breath_out
1422,1727300000000.0,124,1.086125627949648,0.012422386,-0.001441865,0.160363158,-0.076137195,-0.012925352,358980,hold_high,breath_out
1423,1727300000000.0,124,1.170223663957484,0.012012671,-0.0014272,0.22225115,-0.100835245,-0.028477634,359180,hold_high,breath_out
1424,1727300000000.0,124,1.202843646380134,0.011312937,-0.001361218,0.290871445,-0.117342212,-0.044342476,359380,hold_high,breath_out
1425,1727300000000.0,124,1.1883202317742425,0.010355124,-0.001264963,0.359442158,-0.126713498,-0.059045053,359579,breath_out,breath_out
1426,1727300000000.0,124,1.1314831607238751,0.009185808,-0.001154395,0.420045414,-0.132052794,-0.070739757,359779,breath_out,breath_out
1427,1727300000000.0,124,1.0410120754335392,0.007842117,-0.001041053,0.464455734,-0.135271947,-0.07703052,359980,breath_out,breath_out
1428,1727300000000.0,124,0.9256322085793319,0.006336288,-0.000921379,0.485655514,-0.135620312,-0.076349387,360180,breath_out,breath_out
1429,1727300000000.0,124,0.7931188726207048,0.00467979,-0.000770822,0.480672418,-0.131029386,-0.069249226,360380,breath_out,breath_out
1430,1727300000000.0,124,0.6539945621059673,0.002915755,-0.00056858,0.451680439,-0.119929162,-0.057784805,360580,breath_out,breath_out
1431,1727300000000.0,124,0.5202000626605493,0.00111195,-0.000326679,0.404380152,-0.102153285,-0.044375835,360779,breath_out,breath_out
1432,1727300000000.0,124,0.39944586279211036,-0.000659045,-8.08e-05,0.347468385,-0.079164331,-0.031792453,360979,breath_out,breath_in
1433,1727300000000.0,124,0.29077563112393856,-0.002338307,0.000141183,0.29138144,-0.053792031,-0.022644224,361180,breath_out,breath_in
1434,1727300000000.0,124,0.1836102411937963,-0.003908983,0.000330887,0.24388117,-0.029359909,-0.017945021,361380,breath_out,breath_in
1435,1727300000000.0,124,0.06266441887445569,-0.005365921,0.000494732,0.207948763,-0.009438655,-0.016733981,361580,breath_out,breath_in
1436,1727300000000.0,124,-0.08121447918133645,-0.006605422,0.000646315,0.183011378,0.00147084,-0.016760314,361780,breath_out,breath_in
1437,1727300000000.0,124,-0.23907754204624476,-0.007349971,0.000796293,0.165785699,-0.000262091,-0.015573621,361979,breath_out,breath_in
1438,1727300000000.0,124,-0.38262377212965354,-0.007268263,0.000952624,0.152791263,-0.014196327,-0.011973232,362179,breath_out,breath_in
1439,1727300000000.0,124,-0.4798896185646969,-0.006330402,0.00112118,0.143707455,-0.036395674,-0.006384472,362378,breath_out,breath_in
1440,1727300000000.0,124,-0.5165803314545518,-0.005050547,0.001293724,0.139907939,-0.062109953,0.000233315,362578,breath_out,breath_in
1441,1727300000000.0,124,-0.5069254805686898,-0.004221148,0.00145237,0.140296409,-0.086759191,0.007132021,362778,breath_out,breath_in
1442,1727300000000.0,124,-0.48254953764152647,-0.004345721,0.001584225,0.141001037,-0.106236226,0.013480232,362978,breath_out,breath_in
1443,1727300000000.0,124,-0.46867400637799583,-0.005369164,0.001668069,0.139213233,-0.11762854,0.017912266,363179,breath_out,breath_in
1444,1727300000000.0,124,-0.4751955808687227,-0.006900997,0.001666436,0.135400164,-0.119209481,0.018755552,363379,breath_out,breath_in
1445,1727300000000.0,124,-0.5044721433162527,-0.008542066,0.001559461,0.13098374,-0.110305783,0.015153608,363580,breath_out,breath_in
1446,1727300000000.0,124,-0.5544214914009358,-0.010023115,0.00136889,0.125860563,-0.092388369,0.007980113,363780,breath_out,breath_in
1447,1727300000000.0,124,-0.6164989734552387,-0.01121208,0.001139527,0.118528091,-0.069177325,-0.000675721,363980,breath_out,breath_in
1448,1727300000000.0,124,-0.680030720318151,-0.012069219,0.000928994,0.107593922,-0.045360297,-0.008681423,364180,breath_out,breath_in
1449,1727300000000.0,124,-0.7406738833951652,-0.012605407,0.000829569,0.093537204,-0.025824529,-0.014675385,364384,breath_out,breath_in
1450,1727300000000.0,124,-0.8082439487493862,-0.012862433,0.000973013,0.078100086,-0.013898504,-0.018335166,364580,breath_out,breath_in
1451,1727300000000.0,124,-0.9055272477868351,-0.012872902,0.001447298,0.060945051,-0.009191147,-0.020002686,364780,breath_out,breath_in
1452,1727300000000.0,124,-1.0498798593364922,-0.012632954,0.002164422,0.037752175,-0.008323146,-0.020341437,364980,breath_out,breath_in
1453,1727300000000.0,124,-1.2372627525559303,-0.012148416,0.002894892,0.003215965,-0.00762262,-0.020186705,365180,breath_out,breath_in
1454,1727300000000.0,124,-1.4472788216908918,-0.011484122,0.003466831,-0.042308995,-0.005159594,-0.020287395,365380,breath_out,breath_in
1455,1727300000000.0,124,-1.653291477539356,-0.010720252,0.003842646,-0.089869664,-0.001399262,-0.02127912,365581,breath_out,breath_in
1456,1727300000000.0,124,-1.8287353660111607,-0.009866907,0.004052475,-0.127307832,0.001400787,-0.023679812,365778,breath_out,breath_in
1457,1727300000000.0,124,-1.9581702766107847,-0.008869876,0.004152923,-0.146620001,0.000573895,-0.027752888,366782,hold_low,breath_in
1458,1727300000000.0,124,-2.046653189929125,-0.007703376,0.004207409,-0.146832861,-0.005055748,-0.033418953,366802,hold_low,breath_in
1459,1727300000000.0,124,-2.113883107624217,-0.006424176,0.004252721,-0.132870531,-0.014072813,-0.040145395,366812,hold_low,breath_in
1460,1727300000000.0,124,-2.1756827727422685,-0.005176699,0.004280053,-0.11210841,-0.023554949,-0.046826018,366822,hold_low,breath_in
1461,1727300000000.0,124,-2.233756841510074,-0.004227108,0.004230517,-0.090220407,-0.030462803,-0.052185563,366840,hold_low,breath_in
1462,1727300000000.0,124,-2.281743306087472,-0.003937067,0.003987263,-0.068797578,-0.032109617,-0.055775704,366979,hold_low,breath_in
1463,1727300000000.0,124,-2.311240341206206,-0.004518751,0.003377479,-0.046999605,-0.026995803,-0.058149356,367180,hold_low,breath_in
1464,1727300000000.0,124,-2.31640595534269,-0.005821501,0.002287289,-0.024526689,-0.015293188,-0.060362887,367380,hold_low,breath_in
1465,1727300000000.0,124,-2.3015609142067532,-0.007495901,0.000880609,-0.000971259,0.001446322,-0.06389912,367580,hold_low,breath_in
1466,1727300000000.0,124,-2.2790623726526436,-0.009285274,-0.000467081,0.026002836,0.019849148,-0.070271333,367780,hold_low,breath_in
1467,1727300000000.0,124,-2.2618875871833457,-0.011091709,-0.001546939,0.059477188,0.034817979,-0.080555892,367984,hold_low,breath_in
1468,1727300000000.0,124,-2.261089753930521,-0.01287655,-0.00243045,0.100116339,0.042296344,-0.095532826,368179,hold_low,breath_in
1469,1727300000000.0,124,-2.2810003238707783,-0.014548368,-0.003258414,0.143653967,0.042798904,-0.115101099,368380,hold_low,breath_in
1470,1727300000000.0,124,-2.316560891710984,-0.01593952,-0.004067522,0.181662732,0.041694613,-0.136805284,368580,hold_low,breath_in
1471,1727300000000.0,124,-2.357281018703165,-0.016909722,-0.004699232,0.205459759,0.04487445,-0.155990265,368780,hold_low,breath_in
1472,1727300000000.0,124,-2.3909916106883826,-0.017437012,-0.004839044,0.210461044,0.053516313,-0.168281782,368980,hold_low,breath_in
1473,1727300000000.0,124,-2.41202199658707,-0.017571953,-0.004300047,0.199224275,0.064189437,-0.171610884,369180,hold_low,breath_in
1474,1727300000000.0,124,-2.4280157039017394,-0.0173611,-0.00324388,0.179841857,0.074088282,-0.166260086,369379,hold_low,breath_in
1475,1727300000000.0,124,-2.447139125855951,-0.016851355,-0.002028806,0.158112782,0.083108011,-0.154230783,369578,hold_low,breath_in
1476,1727300000000.0,124,-2.463314838881421,-0.016137868,-0.000958168,0.128997893,0.090710879,-0.138789467,369780,hold_low,breath_in
1477,1727300000000.0,124,-2.467326088030223,-0.015376082,-0.0002024,0.079136081,0.0947741,-0.123586008,370695,hold_low,breath_in
1478,1727300000000.0,124,-2.464013299153202,-0.014723539,0.000194761,0.005352782,0.093789308,-0.111410209,370705,hold_low,breath_in
1479,1727300000000.0,124,-2.46639041483595,-0.014271882,0.000301142,-0.073729095,0.087395334,-0.103953933,370726,hold_low,breath_in
1480,1727300000000.0,124,-2.479302491211582,-0.014030386,0.000250843,-0.131626582,0.075400509,-0.102190961,370739,hold_low,breath_in
1481,1727300000000.0,124,-2.4970232938132826,-0.013948495,0.00017297,-0.152672597,0.058445139,-0.105746994,370795,hold_low,breath_in
1482,1727300000000.0,124,-2.5147864813065395,-0.013952653,0.000144744,-0.136866883,0.039228957,-0.112494552,370980,hold_low,breath_in
1483,1727300000000.0,124,-2.535514117979824,-0.013983764,0.000195204,-0.097074573,0.022240946,-0.120049591,371180,hold_low,breath_in
1484,1727300000000.0,124,-2.562374741608643,-0.014013374,0.000320623,-0.052372246,0.012163307,-0.127499486,371380,hold_low,breath_in
1485,1727300000000.0,124,-2.590045664634862,-0.014024317,0.000486635,-0.01655421,0.010636672,-0.135023983,371580,hold_low,breath_in
1486,1727300000000.0,124,-2.6076613954465704,-0.013996849,0.000642085,0.008871008,0.01440654,-0.142309315,371780,hold_low,breath_in
1487,1727300000000.0,124,-2.6100808960208743,-0.013936998,0.000751274,0.028386246,0.019251731,-0.148287591,371979,hold_low,breath_in
1488,1727300000000.0,124,-2.602371476039892,-0.013901379,0.000812647,0.041789315,0.024691396,-0.15176459,372180,hold_low,breath_in
1489,1727300000000.0,124,-2.5928626571333417,-0.013962364,0.000845088,0.041673062,0.032668502,-0.15143315,372380,hold_low,breath_in
1490,1727300000000.0,124,-2.5852344451798794,-0.014136062,0.000858973,0.019738483,0.042614821,-0.146172135,372580,hold_low,breath_in
1491,1727300000000.0,124,-2.5767022596569213,-0.014348668,0.000842108,-0.02591451,0.049584891,-0.136138223,372780,hold_low,breath_in
1492,1727300000000.0,124,-2.56674323484342,-0.014459386,0.000764588,-0.088948192,0.047012982,-0.123184812,372980,hold_low,breath_in
1493,1727300000000.0,124,-2.567798583025617,-0.014291282,0.000590186,-0.156263897,0.029691754,-0.110058782,373182,hold_low,breath_in
1494,1727300000000.0,124,-2.6023839421844674,-0.013661709,0.000294665,-0.211421539,-0.00367651,-0.099844429,373379,hold_low,breath_in
